<?xml version="1.0" encoding="UTF-8" standalone="yes"?>
<addon id="repository.FreeNetCable-Repo" name="FreeNetCable Repo" version="1.1" provider-name="FreeNetCable">
	<extension point="xbmc.addon.repository" name="FreeNetCable Repository">
		<info compressed="false">http://raw.github.com/bloodhod/FreeNetCable-Repo/master/addons.xml</info>
		<checksum>http://raw.github.com/bloodhod/FreeNetCable-Repo/master/addons.xml.md5</checksum>
		<datadir zip="true">http://raw.github.com/bloodhod/FreeNetCable-Repo/master/zips</datadir>
	</extension>
	<extension point="xbmc.addon.metadata">
		<summary>FreeNetCable Repository</summary>
		<description>U can Download and Install Official Addons of FreeNetCable</description>
		<platform>all</platform>
	</extension>
</addon>

