<?xml version="1.0" encoding="UTF-8" standalone="yes"?>
<addon id="script.fncsettings" name="FnCable Settings" version="1.0.2" provider-name="FreeNetCable">
	<requires>
		<import addon="xbmc.python" version="2.1.0"/>
		<import addon="script.module.simplejson" version="2.0.10"/>
		<import addon="script.module.pyxbmct" version="1.1.4"/>
	</requires>
	<extension point="xbmc.python.script" library="addon.py"/>
    <extension point="xbmc.service" library="service.py" start="login"/>
	<extension point="xbmc.addon.metadata">
		<summary lang="en">This addon use to</summary>
		<language></language>
		<platform>all</platform>
		<license>GPLv2</license>
		<forum></forum>
		<website></website>
		<email></email>
		<source></source>
	</extension>
</addon>
